,epcs,location
0,50009321A508C00000260000,A
1,50008B8CA508C031B2900000,A
2,50009244C508C0005F960000,A
3,500093211508C0000E060000,A
4,50008CAF0508C00002660000,A
5,500078628508C03103800000,A
6,50007C7C35265130D8300000,A
7,50008CCC1508C00042360000,A
8,5000931FF508C00002F60000,A
9,50008CB01508C00050B60000,A
10,50008DC92508C000B3660000,A
11,50009B306508C030D8E00000,A
12,50009323F508C0001A560000,A
13,50008C04E508C00095860000,A
14,50009320A508C00013160000,A
15,50009C877508C030DE000000,A
16,50009243B508C0310A900000,A
17,500089163508C03158200000,A
18,5000918A9508C0315CE00000,A
19,50008B8D7508C00052360000,A
20,500093224508C0001A460000,A
21,500092443508C0310DC00000,A
22,50008C204508F30024C60000,A
23,50008AB2B508C00084060000,A
24,50008D19C508C00049360000,A
25,50009322D508C00006160000,A
26,500089151508C030FC500000,A
27,50008C542508C03167200000,A
28,50009AF32508C030EDB00000,A
29,50008CDAA508C030FF100000,A
30,50008D98D508C000E791,A
31,5000A0F09508C0000AD70000,A
32,50008E733508C031D5D00000,A
33,50009C86D508C030F7F00000,A
34,500089F53508C00044A70000,A
35,50008874B508C00051240000,A
36,50008E5E4508C000AB060000,A
37,500082A3B508F3313D900000,A
38,500082A44508F3312D900000,A
39,5000914C7508C031CE700000,A
40,5000773F4508C03183700000,A
41,500091E09508C03148C00000,A
42,50009B049508C030ECC00000,A
43,500091EF4508C031A4900000,A
44,50009B038508C030F0300000,A
45,50009B03E508C030E0900000,A
46,50008D199508C030E2300000,A
47,5000895CD508C000E871,A
48,5000906DD508C030EC70000000000000000000000000000000000000,A
49,50008CE75508C030EAC00000,A
50,500097792508C00077670000,A
51,500097B0B508F330F8900000,A
52,500090B9A508C00063460000,A
53,500090A5E508C00046360000,A
54,500089DD5508C00123040000,A
55,50008FC20508C031A8D00000,A
56,5000933A3508C00016340000,A
57,5000A0F06508C00004B70000,A
58,5000A0F0C508C00002270000,A
59,500089742508C07B88200000,A
60,50008B550508C030ECF00000,A
61,50008E02450C430044370000,A
62,50008B119508C00009F60000,A
63,50009243A508C030E2E00000,A
