,epc,试穿时间,天线号+设备ID
0,5000931FF508C00002F60000,2024-06-11 17:19:00.985,1+1
1,50008C204508F30024C60000,2024-06-11 17:19:10.038,1+1
2,500089F53508C00044A70000,2024-06-11 17:19:15.785,1+1
3,50008874B508C00051240000,2024-06-11 17:19:16.229,1+1
4,50009AF32508C030EDB00000,2024-06-11 17:19:18.062,1+1
5,500082A3B508F3313D900000,2024-06-11 17:19:18.208,1+1
6,500082A44508F3312D900000,2024-06-11 17:19:18.325,1+1
7,5000A0F09508C0000AD70000,2024-06-11 17:19:28.320,1+1
8,500097792508C00077670000,2024-06-11 17:19:35.767,1+1
9,500097B0B508F330F8900000,2024-06-11 17:19:40.066,1+1
10,500090B9A508C00063460000,2024-06-11 17:19:40.746,1+1
11,500090A5E508C00046360000,2024-06-11 17:19:41.838,1+1
12,500089DD5508C00123040000,2024-06-11 17:19:45.760,1+1
13,50008FC20508C031A8D00000,2024-06-11 17:19:45.919,1+1
14,500091E09508C03148C00000,2024-06-11 17:24:17.037,1+1
15,50009B049508C030ECC00000,2024-06-11 17:24:17.053,1+1
16,500091EF4508C031A4900000,2024-06-11 17:24:17.065,1+1
17,50009B038508C030F0300000,2024-06-11 17:24:17.123,1+1
18,50009B03E508C030E0900000,2024-06-11 17:24:17.303,1+1
19,5000933A3508C00016340000,2024-06-11 17:24:56.758,1+1
20,5000A0F06508C00004B70000,2024-06-11 17:25:04.137,1+1
21,5000A0F0C508C00002270000,2024-06-11 17:25:04.543,1+1
22,50008B550508C030ECF00000,2024-06-11 17:26:40.565,1+1
23,50008E02450C430044370000,2024-06-11 17:26:50.214,1+1
24,50008B119508C00009F60000,2024-06-11 17:29:28.551,1+1
25,5000931FF508C00002F60000,2024-06-11 20:20:00.985,1+1
26,50008C204508F30024C60000,2024-06-11 20:20:10.038,1+1
27,500089F53508C00044A70000,2024-06-11 20:20:15.785,1+1
28,50008874B508C00051240000,2024-06-11 20:20:16.229,1+1
29,50009AF32508C030EDB00000,2024-06-11 20:20:18.062,1+1
30,500082A3B508F3313D900000,2024-06-11 20:20:18.208,1+1
31,500082A44508F3312D900000,2024-06-11 20:20:18.325,1+1
32,5000A0F09508C0000AD70000,2024-06-11 20:20:28.320,1+1
33,500097792508C00077670000,2024-06-11 20:20:35.767,1+1
34,500097B0B508F330F8900000,2024-06-11 20:20:40.066,1+1
35,500090B9A508C00063460000,2024-06-11 20:20:40.746,1+1
36,500090A5E508C00046360000,2024-06-11 20:20:41.838,1+1
37,500089DD5508C00123040000,2024-06-11 20:20:45.760,1+1
38,50008FC20508C031A8D00000,2024-06-11 20:20:45.919,1+1
39,500091E09508C03148C00000,2024-06-11 20:25:17.037,1+1
40,50009B049508C030ECC00000,2024-06-11 20:25:17.053,1+1
41,500091EF4508C031A4900000,2024-06-11 20:25:17.065,1+1
42,50009B038508C030F0300000,2024-06-11 20:25:17.123,1+1
43,50009B03E508C030E0900000,2024-06-11 20:25:17.303,1+1
44,5000933A3508C00016340000,2024-06-11 20:25:56.758,1+1
45,5000A0F06508C00004B70000,2024-06-11 20:26:04.137,1+1
46,5000A0F0C508C00002270000,2024-06-11 20:26:04.543,1+1
47,50008B550508C030ECF00000,2024-06-11 20:27:40.565,1+1
48,50008E02450C430044370000,2024-06-11 20:27:50.214,1+1
49,50008B119508C00009F60000,2024-06-11 20:30:28.551,1+1
